id,tags
1,addedvalue
2,1501mgs
3,andripplecan
4,systems
5,noneuclidean
6,platform
11,designing
18,tuning
19,keys
20,shooting
23,lbs
25,revving
26,pieces
37,2d
39,qualitypower
42,tread
43,upright
44,dimensions
46,battery
48,components
49,antenna
53,astronomically
55,servo
57,foolproof
60,stable
65,mecanum
75,driver
85,gripper
88,ball
91,produce
93,hall
94,repos
99,avr
100,connectors
106,twowheeled
112,emergency
113,notoriously
117,neighbors
118,download
119,weight
128,realtime
131,mc
138,student
142,kiva
143,frequency
146,bearings
148,nao
150,casing
154,decimal
155,imu
167,converges
172,gps
178,textures
182,muscle
184,types
205,uniform
209,icp
210,parameters
213,phone
215,orangutan
222,vision
229,analog
230,rpi
231,motortomotor
235,batteries
237,bytes
249,forcetorque
254,motors
255,kit
256,beacon
261,waveforms
262,bigger
267,apparently
271,planes
274,openservo
277,3axis
284,36kg
287,javascript
299,transformation
301,goal
309,line
317,machines
323,ipcbridge
327,legthe
331,happening
338,platform
341,tendon
342,inability
344,pen
354,topic
358,cable
359,steer
361,agent
369,reinforcement
380,android
382,yaw
390,posture
397,robotics
403,commercialized
405,fast
413,board
416,stall
419,forward
431,packages
433,odometry
436,train
442,caused
445,obtain
446,head
453,batteries
461,zeros
463,motor
469,movable
472,foundation
474,rs232
478,steps
479,particles
483,systems
488,ros
494,nxt
497,piece
499,integral
502,video
504,geared
511,code
512,advicestudy
519,lid
520,lens
521,vec
524,motorshttpwwwefliterccomproductsdefaultaspxprodideflm30180mdfaquickfeatureshttpwwwefliterccomproductsdefaultaspxprodideflm3032dfacant
530,rainboduino
531,needed
533,history
535,board
541,treads
543,propellers
550,allowedwhat
554,batteries
556,accelerometer
558,mars
565,utilizes
566,beta
568,microprocessor
578,nxt
583,limitations
585,behalfyoutube
599,term
602,9volt
603,vex
609,raspberrypi
613,currents
616,vin
619,255
623,regulator
627,panda
628,shape
634,charge
636,nxt
637,protection
641,book
642,serialprint
646,1g
649,clearance
650,bluetooth
653,limitations
654,xbox
656,lightweight
667,operating
671,exists
672,line
679,slow
684,lm2576
687,sdk
689,rotating
690,noise
693,piece
696,interesting
697,componentswhat
704,currentlineisblank
709,servo
712,upload
716,epsilon
718,lying
725,map
726,yaw
730,mouse
734,map
736,processors
738,compass
741,noise
748,supply
751,motorname
757,torque
758,uncanny
763,adjustable
764,graph
768,shall
775,gripper
777,knob
780,robots
783,cores
788,bots
790,robots
795,910
797,product
801,effective
807,scalable
810,analog
812,track
815,shield
819,wheel
826,motion
829,feedbackcontrol
832,byte
835,mold
838,scratch
839,positionangle
840,formulas
845,object
848,address
851,qf
854,reflector
857,population
863,vehicles
865,cnc
869,pulley
872,level
873,kinect
876,spin
878,3d
882,load
883,aibo
884,sick
885,serialprintln
891,nano
892,compensated
896,stereo
897,digitalwritemotorpin
900,select
907,scanner
908,screw
909,bus
913,platform
918,kinect
921,image
922,servos
924,ram
939,torque
940,amp
946,table
948,muscles
952,grid
953,hover
954,teensy
957,methods
963,screenshot
964,amp
965,method
970,magnets
975,cold
976,gaits
979,esc
984,02252013
985,12
987,unsigned
989,particles
993,land
994,onchip
997,settings
998,frequencies
999,torque
1005,relay
1006,mut1
1011,lifepo4
1014,thisim
1018,servos
1020,line
1021,small
1023,vs
1025,opennilaunch
1032,piv
1033,actuated
1036,maps
1037,placement
1039,epuck
1046,course
1047,book
1049,android
1050,temperature
1051,45
1056,dc
1060,technique
1064,motors
1066,amp
1068,sensorport
1069,gears
1072,making
1074,clockwise
1078,need
1082,potentiometer
1083,amp
1086,range
1089,quaternion
1091,opencv
1092,numpy
1097,raw
1100,kuka
1110,close
1113,kgcm
1117,elevation
1120,conceptnet
1128,pack
1130,joint
1132,armi
1143,signals
1145,valves
1148,decides
1153,fpga
1158,limit
1160,gamecube
1163,battery
1167,pump
1170,gazebomodelpath
1174,balancing
1175,quadrotor
1178,2mb
1180,parametrization
1181,object
1182,distributed
1192,sensors
1195,mer
1198,interface
1200,development
1202,sealings
1205,bearings
1207,channel1
1209,stabilize
1211,rock
1214,challenges
1218,rocks
1219,thrust
1221,arduimu
1227,uno
1229,encoder
1232,travel
1235,flat
1246,quadrocopter
1249,wearer
1253,loop
1257,opkg
1259,nozzlevalve
1263,osx
1266,reward
1270,stepper
1274,remote
1276,wheel
1277,colors
1279,arduino
1286,sensitivities
1290,nextservo
1294,spinning
1299,showserialdata
1301,second
1302,gear
1305,pos
1306,mechanism
1314,component
1315,target
1318,target
1320,avrdude
1324,receiver
1327,current
1329,charger
1332,multicopter
1334,arduino
1336,measurement
1339,permission
1342,claws
1344,quadrocopter
1346,lower
1348,single
1349,area
1350,pesticides
1356,keepalive
1367,orientations
1369,fracvw
1370,prop
1378,arming
1383,linux
1388,tilt
1391,arduino
1392,mag
1393,detect
1394,unable
1399,accelerometer
1400,embed
1408,ethernet
1413,chatbot
1414,set
1416,learning
1417,manipulating
1419,slice
1427,v929
1429,tilt
1435,30m
1437,shape
1440,3phase
1443,higherlevel
1445,arduplane
1448,looped
1449,gauss
1450,arduino
1454,shield
1455,paths
1457,polycarbonate
1463,means
1466,underwater
1475,proscons
1483,1d
1489,fridge
1492,operating
1494,bottle
1496,ground
1500,batteries
1503,modules
1514,car
1515,designsbut
1517,kinects
1518,terrain
1519,commandsstatic
1524,errorvalue
1525,double
1530,dim
1538,movement
1544,ccodestuffare
1547,environment
1552,tricopters
1554,object
1562,yaw
1564,remote
1567,ma
1570,bias
1571,scare
1579,sensitivity
1581,type
1582,ghz
1584,wall
1589,probability
1590,transfer
1595,gear
1598,tictactoe
1602,ratio
1603,robot
1607,servos
1610,grate
1613,current
1614,arduimu
1615,audio
1618,amps
1622,motorize
1627,motors
1630,lever
1633,kinect
1634,line
1637,follower
1638,torque
1642,bell
1644,ncm
1649,3dr
1653,fracdelta
1654,robot
1658,values
1660,milk
1666,surface
1670,cure
1676,50
1678,servo
1680,sleep
1682,differential
1684,wind
1687,gps
1693,platform
1695,30
1697,ltgt
1707,wifi
1711,motor
1712,rc
1717,texttime
1724,110ul
1728,grayscale
1729,geometry
1730,float
1737,hbridgecan
1743,message
1745,robot1
1750,tricopter
1753,eeprom
1755,unique
1757,product
1758,interrupt
1765,antenna
1766,filter
1767,reports
1774,dynamic
1775,piston
1776,uwsim
1777,accelerometer
1782,contraction
1787,device
1790,android
1791,roboter
1795,robots
1797,solid
1806,gears
1808,reel
1811,swarm
1813,parts
1815,force
1826,rpm
1831,xyz
1835,arm
1837,nice
1838,quadcopter
1839,visual
1844,hover
1853,digital
1856,fish
1857,materials
1858,chip
1861,time
1863,arm
1864,razor
1874,rover
1876,images
1877,opencv
1881,microcontroller
1884,morse
1895,flash
1897,worm
1899,rc
1901,predefined
1903,pom
1904,mecanum
1909,burn
1910,device
1911,encoders
1918,directory
1919,cables
1924,fll
1925,frame
1927,vertically
1931,toys
1934,voltage
1935,apartment
1944,deposition
1946,vslam
1947,speed
1949,odometry
1954,paper
1955,2d
1959,unipolar
1965,flight
1966,detection
1974,car
1976,reflections
1978,bma180
1979,tlog
1981,10nbsphz
1983,robotics
1985,landmarks
1991,sr4500
1992,amp
1995,controllers
1997,amp
2000,098395
2009,amp
2011,rightspeed
2018,r3
2021,radio
2022,languages
2024,netbook
2027,amcl
2028,buttonstate
2031,00
2032,bogie
2034,mate
2036,kbits
2039,haveso
2042,stepper
2045,id
2048,curpwmi
2053,pin
2056,error0ÿÿÿÿÿÿÿÿÿÿÿÿÿÿÿÿÿÿÿÿÿÿÿÿÿÿÿÿÿÿÿÿÿÿÿÿÿÿÿõÿýì
2062,torques
2063,pushbutton
2068,power
2074,pins
2075,provides
2077,head
2081,material
2083,reading
2084,helpall
2087,kinect
2088,servo
2089,ey80
2090,casing
2091,servo
2096,armature
2098,monitoring
2101,model
2104,particle
2105,beacon
2106,corner
2109,pomdps
2110,transmitter
2111,years
2114,ardupilot
2117,clip
2119,box
2121,resampling
2124,son
2127,spend
2130,image
2131,coloured
2132,file
2133,angle
2135,algebraic
2138,cmdvel
2145,sdk
2146,gyro
2147,video
2148,continuous
2149,dt
2151,android
2156,dial
2158,chip
2159,hit
2165,phone
2167,oscillation
2173,rviz
2180,mower
2182,communicationoriented
2186,bootloader
2189,apm
2192,light
2195,accuracy
2196,areas
2197,boat
2205,motor
2209,motor
2215,startups
2216,tires
2217,driver
2218,flags
2222,sell
2224,udoo
2227,2830s
2228,commutation
2234,commutation
2236,turtles
2244,values
2245,noise
2250,comau
2251,particle
2256,motorrobotic
2261,axis
2262,wifi
2263,fused
2264,ai
2273,servo
2274,pattern
2277,learn
2279,path
2283,orrery
2289,forces
2290,221520
2295,boards
2297,pid
2298,4m
2299,learning
2304,auditorium
2315,cdot
2321,imu
2322,ratings
2324,wheels
2326,phi
2330,builtin
2331,foreign
2336,theory
2337,particles
2341,rangefinder
2345,program
2347,drill
2348,fisher
2350,yard
2356,code
2357,lte
2361,kalman
2362,valve
2363,rc
2365,sigmatheta
2371,yaw
2373,segments
2374,views
2376,xbox
2379,water
2382,omnidirectional
2387,quad
2394,lidar
2396,tanklike
2402,1mm
2409,connections
2411,candy
2413,mathwhy
2416,motors
2418,builds
2421,download
2422,space
2423,diameter
2424,adk
2426,uint16t
2433,milling
2434,beamsof
2435,tomcat
2443,belt
2445,amp
2446,net
2453,arduinorc
2456,collisiondetector
2458,areas
2462,roomba
2465,lowcost
2470,gps
2476,propellers
2478,android
2480,rings
2481,depth
2486,ee
2488,consequences
2489,80
2491,colored
2494,slam
2498,angular
2499,ddotq
2504,amp
2507,convenientarduino
2508,commercial
2510,slam
2511,diffs1value
2519,toy
2524,blades
2526,brain
2530,num
2531,ros
2542,cables
2545,server
2552,face
2553,capacitive
2555,wireless
2556,covariance
2559,propellers
2563,bee
2564,device
2570,motor
2571,wristband
2575,car
2580,amp
2587,pins
2588,answerwhat
2591,spherical
2593,electric
2594,24v
2595,firmata
2596,papers
2597,datagram
2600,rarr
2604,robot
2606,related
2609,counter
2610,pidcontrol
2613,herewhat
2619,servo
2620,500hz
2628,ai
2631,prop
2635,drawn
2637,profiles
2639,accelerometer
2641,photographyhow
2642,hall
2643,hover
2644,areencoder1
2649,pcduino
2652,parts
2657,bursts
2661,arrives
2667,vine
2668,pitoutput
2671,compliance
2672,libserial
2673,passive
2676,tool
2677,surveillance
2680,designing
2683,altitude
2687,1240kv
2692,string
2694,motionlab
2695,lt01
2696,autopilot
2698,histogram
2700,mains
2701,heading
2702,joints
2704,alphap
2706,compile
2708,estimates
2712,pi
2713,colour
2714,ultrasound
2715,circ
2719,design
2720,consis
2723,linear
2724,markers
2726,max
2729,analytically
2730,coolterm
2731,prediction
2744,gamechanger
2747,power
2748,car
2754,piston
2758,frames
2760,column
2761,realterm
2767,nxt
2768,cte
2769,rover
2771,yr
2772,maprcconstrainedcommands3
2774,tcs3200
2781,tell
2782,hookup
2787,stack
2794,solder
2798,europe
2800,pid
2801,channel
2802,mountains
2807,classical
2812,neuromorphic
2822,object
2826,kalman
2828,int
2829,accelerometers
2832,servos
2834,traction
2837,counter
2841,turret
2847,snooker
2848,160a
2849,multirotor
2850,scrap
2852,wind
2854,pointsomething
2860,piston
2865,dbscan
2868,pursuit
2870,valve
2871,association
2873,measure
2875,board
2876,gauges
2879,bottle
2882,rock
2885,4way
2889,torques
2890,30ml
2891,millivolts
2894,mannequin
2897,i2cget
2899,packs
2902,house
2904,pic
2905,propellers
2908,hz
2915,normally
2918,nema
2919,gain
2920,overshoot
2921,300hz
2925,consisting
2930,pisettings
2931,float
2933,java
2935,mean
2936,strategy
2937,functionit
2939,ki
2940,effort
2945,array
2948,s4
2949,disc
2961,ratio
2963,arduinoraspberrypi
2964,axis
2966,recommend
2968,beas
2970,pipe
2972,unstable
2976,motor
2980,frequencies
2981,cutting
2982,lookup
2983,shaft
2987,prevstate
2988,acoustic
2990,z4
2998,motor
3006,proven
3007,production
3013,escs
3016,2034
3017,nerd
3021,sound
3026,urban
3027,rollold
3029,designing
3032,irb140
3035,orientation
3040,inplace
3043,frequency
3049,findpipeback
3052,gears
3058,rt
3062,horn
3063,ukf
3066,lift
3069,lateral
3071,mahalanobis
3073,nbsp
3079,neural
3080,shield
3088,output
3090,mavlink
3091,url
3098,delayed
3101,frachatvhatw
3102,software
3104,nbsp
3105,esc
3108,brightness
3110,nodes
3116,roby
3117,looking
3118,zk
3121,ones
3124,ramping
3125,manufacturing
3132,warning
3133,openni
3134,simplecv
3137,quaternions
3139,spong
3144,kinematics
3145,gantry
3150,ruby
3152,commits
3155,delta
3159,20140624
3160,ros
3162,pressed
3164,round
3166,nbsp
3170,paths
3172,gripper
3173,vibration
3178,integrator
3181,elbow
3183,magnets
3188,pinion
3200,torque
3206,parts
3207,distant
3208,100rpm
3209,match
3210,3kw
3216,idea
3218,rails
3222,predict
3225,device
3227,creeper
3231,linkage
3233,teeth
3234,language
4238,species
4239,antiwindup
4247,pitoutput
4255,bubble
4256,acceleration
4261,calibration
4263,outis
4265,limit
4266,script
4270,ball
4271,ldr
4277,screw
4281,knurled
4285,amp
4287,evaluate
4288,70
4295,zobs2
4296,view
4297,stereo
4299,acs714
4303,obstacles
4307,stepper
4308,rollers
4312,gps
4313,dt
4316,secondary
4318,controller
4323,ame
4326,force
4327,closet
4329,aluminium
4336,mouse
4340,red
4346,blocks
4348,gpio
4357,device
4359,cut
4360,computation
4362,career
4364,parameter
4366,step
4369,potential
4370,gt
4371,precision
4379,torque
4380,needles
4384,encoder
4385,infrared
4392,nbsp
4393,mobile
4394,bo
4395,encoder
4396,skid
4398,vs
4399,laser
4405,pulse
4409,ilaccsign
4410,encoderleftposition
4413,power
4414,56
4415,environment
4420,sebastian
4424,performance
4426,filter
4427,newsletter
4430,checkpoint
4435,receptive
4439,devservoblaster
4440,environment
4442,spot
4447,slam
4449,landmarks
4456,channels
4463,fieldi
4465,accele
4467,yawpitch
4469,size
4472,mac
4474,valve
4476,board
4477,mathematical
4486,steering
4487,elsewifi
4488,artificial
4489,calibrate
4492,curve
4496,endeffector
4498,alarm
4504,100hzi
4510,parameters
4511,euler
4513,obstacles
4514,maze
4516,yes
4520,correction
4523,kalman
4526,quadcopter
4531,esc
4533,12v
4536,updown
4540,white
4542,velocities
4545,servoshock
4546,needed
4554,kinect
4555,plow
4558,realduration
4562,alpha
4568,adruinos
4569,dice
4573,rightpleftzixtm
4575,xd
4577,shield
4578,rocks
4579,291
4580,slider
4583,lidar
4587,squares
4589,double
4591,motormotorb
4592,motor
4595,beacon
4599,landmark
4607,quadcopter
4608,roll
4609,degsec
4610,convention
4612,central
4625,program
4627,minicopter
4632,dyj48
4635,balloon
4639,vehicletype
4642,120
4648,xbee
4650,slam
4656,lipos
4657,escs
4658,cells
4663,ts
4672,shortest
4674,rpms
4675,cr
4677,estimate
4679,mpu9150
4682,sail
4687,tricopter
4688,acceleration
4689,nails
4693,playerso
4698,bmp180
4699,dock
4701,meter
4702,plate
4704,electricity
4705,currents
4706,diodes
4707,disk
4713,probe
4715,y03
4716,weapon
4717,road
4721,basespeed
4722,800kv
4723,set
4724,fitness
4725,agents
4726,include
4734,ir
4738,ltwheel
4741,kinematics
4745,qi
4749,local
4750,pid
4754,finder
4755,hartenberg
4759,rock
4761,pilot
4762,learn
4764,displacement
4766,usb
4771,room
4775,lights
4782,switch
4784,ltgeometrygt
4787,scan
4789,rj
4793,error
4794,controllers
4796,motors
4797,kindly
4798,neural
4804,ahrs
4808,hz
4815,sda
4820,torque
4824,nazamlite
4827,pt2
4828,maxon
4829,torque
4830,maxon
4831,151
4832,torque
4836,170
4840,battery
4843,cluster
4847,zr
4853,mosfet
4855,sensor
4857,n360
4863,illuminator
4866,motor
4872,degree
4873,choice
4874,middlewares
4875,servo
4880,gcode
4885,package
4888,tracing
4890,economy
4891,videohttpswwwyoutubecomwatchvrxjpwhbgiw0anyone
4897,texture
4900,base
4901,fuzzy
4902,batteries
4903,gear
4904,robotic
4911,poultry
4913,jig
4914,scanline
4928,latch
4930,polycarbonate
4933,switch
4934,ensure
4937,native
4939,escs
4943,fit
4944,qt
4946,keypoints
4948,submarine
4949,hrl
4953,esc
4954,vending
4955,motor
4956,lidar
4958,inovatic
4959,power
4960,stereo
4965,switch
4966,wall
4967,wall
4972,beacons
4980,brain
4983,dualcopter
4986,virtual
4987,steering
4990,implementations
4991,carousel
4994,clearpath
4996,nano
4998,logic
5001,flywheel
5006,fk
5011,wheel
5014,micro
5016,appriciate
5020,guidance
5023,localization
5028,devise
5031,console
5034,knowledge
5036,pivot
5037,filter
5039,pc
5041,bluetooth
5044,cape
5045,zk
5047,divide
5053,stm
5058,linkages
5059,commandi
5062,ime
5068,simulator
5071,transparent
5074,capebone
5079,pump
5082,throttle
5095,lqr
5097,areaeg
5099,standards
5103,0x00
5104,cell
5106,fake
5108,buy
5109,kilometers
5110,compass
5111,trajectories
5116,pidt
5118,pan
5126,user
5130,values
5132,platform
5133,appropriate
5138,beaglebone
5140,outputthank
5148,gear
5149,quadrotor
5150,feel
5152,bluetooth
5156,sun
5164,message
5169,author
5171,code
5178,motor
5180,pic
5182,razor
5188,compound
5189,shape
5192,dirt
5193,mapping
5196,400500
5199,slam
5201,power
5203,wz
5208,digital
5209,gears
5214,counter
5218,knowledge
5220,brick
5223,states
5224,box
5226,kits
5227,frame
5229,acceleration
5238,function
5240,roomba
5248,gluing
5250,xbee
5251,controller
5255,source
5259,20ms
5260,tanker
5261,speed
5267,gears
5276,bipedal
5279,encoder
5282,uploading
5283,approachnote
5292,carry
5293,solve
5300,regulators
5302,arduino
5307,kinect
5310,interfaces
6310,antenna
6313,ixx
6314,digitalwrite13
6315,features
6322,linux
6323,dedicated
6325,kalman
6327,power
6328,coding
6331,limb
6334,depth
6339,bode
6341,33v
6345,load
6348,sensitivity
6351,motors
6355,degsec
6356,pixels
6366,1822dbi
6367,data
6371,arducopter
6374,newcore
6382,effector
6383,pcbs
6386,whiteboard
6395,camera
6398,roboclaw
6405,constraints
6406,space
6408,rambo
6409,atlas
6412,kernal
6417,problem
6418,sonar
6423,particle
6428,rpm
6429,occupancy
6430,mcdonalds
6434,bias
6436,antenna
6437,charging
6442,anglescorrectionpitch
6445,receiver
6446,domain
6447,chi2
6452,fuses
6459,abscoord
6462,supply
6463,coworker
6467,electronics
6469,blevinsreuters
6471,apm
6475,p3dx
6476,laptop
6478,pitching
6488,xbox
6493,mapping
6495,jpeg
6500,homogeneous
6508,cameras
6510,pid
6511,arms
6515,cameras
6516,spool
6522,controller
6523,voltage
6526,magy
6531,revolute
6532,engineering
6536,hydraulic
6541,pru
6544,36012
6553,cc
6560,contacts
6564,expressed
6565,servo
6566,path
6570,9dof
6571,mice
6572,250mm
6575,cubes
6576,teach
6581,stereo
6583,channel
6586,kinematics
6587,eclipse
6590,clockwise
6592,1050v
6593,order
6596,beginner
6597,kalman
6599,ethetatwist
6601,servo
6604,modules
6606,cheap
6607,ros
6613,limb
6617,endeffector
6620,axesany
6622,khepera
6624,ball
6632,master
6639,papers
6642,nonautonomous
6643,tilted
6648,farm
6649,driver
6650,linux
6651,bees
6652,multiple
6657,terms
6659,quadratic
6661,magnetometer
6662,mouse
6667,bogie
6672,bearing
6673,φsetpointφmeasured
6674,drive
6680,attentionanything
6683,interchangeably
6686,formatted
6694,jacobian
6696,stable
6700,controll
6701,altitudes
6703,bogie
6705,humans
6706,acceleration
6708,display
6714,brightest
6715,balls
6720,double
6721,golf
6733,quad
6739,cutter
6740,expand
6741,binocular
6750,compass
6754,pages
6764,print
6765,toyps
6767,circle
6772,crazyflie
6776,voice
6782,roomba
6783,holes
6784,stepper
6787,workshop
6791,scout
6792,inertia
6801,unilateral
6804,data
6807,fingers
6808,magnetic
6810,particle
6816,sci
6817,cart
6818,joystick
6821,amps
6822,pitch
6824,lt
6826,planetary
6829,depth
6831,script
6833,webserver
6835,pull
6837,rpi
6838,wall
6842,mass
6843,sensors
6844,thrust
6845,motorsdrives
6846,gps
6849,poses
6852,boardplease
6853,create2
6854,battery
6859,thetad
6860,servo
6862,rotary
6863,scratch
6869,moving
6870,matlab
6880,monocular
6882,acc1
6890,radian
6895,p1
6896,quaternions
6900,jumper
6905,bearing
6906,prob
6908,implementation
6909,taking
6910,1802
6913,reduced
6918,kinematiccould
6922,thrust
6927,advancement
6929,bluetooth
6931,generate
6934,eye
6936,joint
6942,cameras
6944,obstacles
6945,yt
6946,sides
6952,maze
6953,triaxis
6955,predefined
6956,strengths
6957,90
6969,10kbs
6979,itcould
6980,laptop
6982,jh
6984,grid
6985,beaglebone
6987,thrust
6990,thing
6992,100input
6999,design
7002,mavlink
7004,ode45
7008,lifepo
7012,im
7014,interesting
7016,stereovision
7018,irobot
7024,positionl
7040,ith
7043,assumption
7048,hypercatadioptric
7050,camera
7052,gain
7056,track
7057,straightforward
7059,object
7062,degrees
7066,arm
7067,raspi
7068,team
7069,breakthrough
7070,arm
7073,waves
7080,stabilise
7089,drone
7091,lift
7095,httpswwwyoutubecomwatchvgj5rnduz3i
7097,crio
7099,buy
7105,multiwiiarduino
7109,actuators
7110,define
7111,3axes
7112,motorname
7116,onoffpin
7120,clock
7121,angle
7124,projectile
7125,circuits
7128,constantly
7129,dynamixel
7137,reference
7138,deployed
7139,ptu
7140,mapping
7146,pid
7148,mass
7153,rf
7156,prescaler
7158,create
7159,outdoors
7161,xu3
7163,robottiptofiducial
7165,pid
7167,coupling
7175,suggest
7176,upto
7177,save
7178,ros
7181,possible
7186,potentiometer
7188,joint
7189,noticed
7190,swarm
7194,calculations
7198,regarding
7199,02i
7203,gear
7206,selected
7210,son
7212,velocity
7215,digitalwriteddpin
7216,meterwhat
7219,print
7221,positioning
7225,rope
7226,frequency
7227,floppy
7229,encoder
7230,peformed
7234,rocket
7235,phi
7242,ballast
7243,perfectly
7244,shutter
7245,burrito
7249,iphone
7251,counts
7254,fieldcan
7256,liquid
7265,closed
7266,forward
7270,load
7271,followsorients
7277,rustyi
7278,notation
7287,deadreckoning
7288,ux
7291,soccer
7294,aquarium
7295,sensors
7297,ai
7308,12v
7311,actuators
7315,100grany
7316,camera
7317,vacuum
7320,photos
7327,unsigned
7331,phi
7333,escs
7334,shoulder
7339,slider
7344,technique
7349,trigger
7358,cameras
7359,video
7361,web
7363,agent
7378,force
7383,workspace
7384,alloys
7385,3d
7386,axis
7387,map
7388,fingerprintingmodel
7389,chess
7395,switched
7397,stereo
7398,sickldrs2110
7400,document
7403,site
7406,nighthow
7409,inputtmp
7411,vehicles
7415,gains
7416,intelligence
7423,server
7429,ros
7434,stiffness
7438,maze
7440,constraints
7445,neglected
7449,roomba
7450,mechanical
7454,estimate
7456,toolbox
7457,cognitive
7460,determination
7462,rotor
7463,stewart
7470,spherical
7472,red
7474,encoder
7475,18
7483,coordinates
7485,simulate
7486,robotcircuit
7489,watts
7491,battery
7493,stereo
7494,spring
7497,mmoutput
7498,triangulated
7499,unipolar
7502,velocityloop
7506,destpos
7507,circuits
7510,velocity
7513,ghz58
7517,camera
7519,velocities
7521,harmonic
7522,speed
7533,middleware
7534,ekfpid
7535,person
7537,page
7542,come
7547,data
7549,disparity
7552,coin
7556,board
7557,1908
7558,odr
7560,sampletime
7564,pool
7565,path
7570,orientation
7575,information
7578,filter
7580,car
7588,start
7592,invensenses
7595,gt
7598,gripperwrist
7600,bytecode
7607,flip
7612,boardwhich
7613,scan
7615,spdr
7617,null
7622,plcive
7626,outputs
7632,esc
7633,portb
7634,original
7640,gains
7641,format
7644,pomdp
7645,filter
7647,monocular
7648,sensors
7652,object
7656,ir
7659,cameracalibrator
7660,boustrophedon
7662,kg
7664,actuator
7666,report
7670,kinect
7671,depthso
7672,aux
7678,15athank
7680,worked
7682,object
7685,exceed
7691,simulators
7694,cuboid
7698,voltage
7703,rate
7705,weight
7708,door
7710,formationing
7712,drivetrain
7718,operations
7720,naze32
7722,thrusters
7723,model
7724,amp
7728,softbody
7729,simulate
7731,price
7735,microcontroller
7737,laser
7739,entrance
7741,modelling
7757,real
7760,kuka
7763,dh
7764,wire
7765,mah
7766,conversionmapping
7772,signal
7774,robot
7778,speedtorque
7781,ti
7782,slam
7786,joint
7790,speed
7791,relation
7794,bind
7795,udoo
7796,object
7802,landmark
7803,frequency
7809,solder
7815,fusion
7816,displacement
7819,affect
7823,accurately
7825,laser
7828,gimbal
7829,joystick
7831,dt
7832,translation
7837,arm
7838,mcu
7841,camera
7850,30amp
7852,rx
7853,pid
7855,flash
7860,7pin
7864,rc
7870,fairly
7872,object
7874,sloweri
7877,paper
7879,wheel
7881,fluid
7882,axis
7883,packet
7884,vrep
7886,amp
7889,block
7894,solder
7895,irobot
7896,rpm
7903,servo
7910,animals
7912,minidock
7913,loop
7915,shield
7919,xbee
7920,axes
7921,motorsassume
7925,locate
7928,turnangle
7930,battery
7937,ekf
7940,precision
7942,wall
7944,gps
7945,planning
7950,axis
7953,000196822
7954,mechanisms
7959,qtrtimei
7964,rating
7966,measurement
7968,error
7969,basic
7970,firmware
7972,desk
7983,cord
7992,vehicle
7993,xbees
7995,ceiling
7997,encoders
7998,frequency
8001,disconnecting
8006,thrust
8008,projections
8014,wifi
8018,etcim
8019,wlan
8024,quaternion
8027,estimate
8028,consecutively
8033,simulation
8038,static
8043,parameters
8044,nondriving
8045,ya
8047,wirebegintransmissionmpu
8050,power
8051,ball
8053,matrix
8054,search
8056,motor
8058,leq
8062,ir
8065,gps
8077,imu
8080,clean
8082,wifi
8087,5v
8094,cubli
8096,tv
8100,boston
8103,servo
8104,servo
8106,slab
8107,states
8108,esc
8111,resistance
8112,spinning
8116,lamp
8118,mems
8120,touchscreen
8122,12v
8124,brake
8127,usb
8128,vin
8129,locomotion
8130,path
8133,freedom
8134,alternatingor
8140,thermal
8142,tires
8144,recharge
8146,wall
8150,compass
8152,adjusting
8153,paramlambda
8160,vocal
8162,power
8165,confidence
8168,adjusting
8171,pose
8181,servo
8182,required
8184,cnc
8186,mower
8187,wayposes
8188,recognize
8191,lock
8194,frame
8196,ros
8199,contract
8202,perpendicular
8204,dottheta1
8207,stability
8209,roll
8212,uwsim
8213,amp
8220,imu
8222,angularxvel
8223,error
8225,cost
8226,14
8228,flight
8229,4dof
8231,error
8234,flight
8239,stills
8241,expected
8244,hokuyo
8245,tracking
8247,frame
8250,gyro
8255,estimation
8261,mitsubishi
8262,drone
8271,propellers
8272,joint
8273,optimal
8276,modeling
8277,papers
8279,drift
8286,android
8288,space
8289,knob
8292,adams
8293,video
8294,position
8296,gazebo
8302,path
8310,205mm
8313,eom
8319,spikes
8322,cards
8327,beta
8329,discontinuities
8331,bar
8333,poles
8337,fri
8340,15x55
8343,pauses
8345,multirotor
8348,nucleo
8350,actuator
8354,erroractual
8356,connected
8357,repulsion
8361,velocities
8363,rxcan
8365,dip
8367,ltlt
8368,dh
8369,port
8371,105kw
8372,twist
8375,animals
8376,centre
8378,manipulator
8382,int
8387,variables
8389,xcurrent
8391,rail
8394,soldered
8399,usbasp
8400,rgb
8403,tilt
8406,cameras
8407,drone
8411,joint
8417,pcb
8418,pose
8419,xcurrent
8420,focuser
8421,pi
8425,earth
8426,dh
8427,plug
8428,moatech
8432,45
8438,trapping
8443,roomba
8444,beeps
8448,control
8450,torque
8451,modules
8452,controllerwhat
8455,sensor
8457,files
8461,wire
8462,shutter
8463,xyz
8466,supplies
8470,packages
8471,matlab
8474,decoupling
8475,motor
8480,feedforward
8483,power
8486,4inch
8487,stream
8491,pi2
8499,dot
8500,kinematics
8501,leg
8510,lidar
8511,peeling
8512,encoder
8516,matrix
8519,fanuc
8522,hobbyst
8525,itif
8526,android
8527,selecting
8538,gimbal
8539,signal
8544,learning
8546,octomap
8549,manipulator
8555,trajectory
8556,stability
8559,creating
8561,mirror
8562,amp
8565,i1
8570,path
8575,arm
8579,encoder
8580,amperage
8585,id
8586,external
8590,6cm
8592,baxter
8595,current
8596,plant
8598,lifting
8600,img
8601,sampling
8605,known
8607,implementations
8611,car
8612,remote
8617,som
8618,generali
8621,compute
8631,minimu
8636,sumerror
8642,plate
8644,talks
8654,coefficient
8657,gain
8661,amp
8663,gap
8665,white
8667,frame
8670,robotic
8671,robocup
8673,conveyor
8680,000
8684,ball
8686,fuse
8689,quad
8692,thrust
8693,encoderlposprev
8698,ppm
8700,optimization
8702,motor
8703,naza
8704,xbee
8705,lit
8709,xrand
8710,distro
8711,extensively
8717,analytical
8719,shape
8720,algorithms
8722,firmware
8726,happeni
8728,cog
8731,commands
8732,heading
8742,shaft
8748,l3
8749,neural
8751,dt
8752,spray
8757,particle
8758,heading
8761,node
8763,confirmrefute
8765,apps
8768,plate
8775,plastic
8779,wires
8785,sun
8786,battery
8787,rpi
8797,gear
8804,fc
8807,shaft
8810,simmechanics
8811,222v
8816,interface
8818,body
8820,wheels
8822,machine
8823,outputthanks
8831,limited
8833,joystick
8835,transformation
8840,circuit
8842,rtk
8844,l298n
8845,air
8849,drone
8852,battery
8855,leg
8857,3axis
8860,rms
8863,antenna
8866,gt
8874,com
8877,drone
8879,budget
8882,algorithmor
8883,disk
8887,conversations
8888,cc3d
8891,specs
8893,plugin
8894,makerbot
8895,angle
8900,marginalization
8902,gy85
8906,charging
8907,q3
8909,sensors
8910,rectification
8911,vleft
8916,baudrate
8917,muscle
8918,cannys
8930,kleinfinger
8931,imu
8934,processors
8935,xyz0
8938,ir
8940,jacobian
8941,localization
8946,andkleinfinger
8949,mbed
8950,ltltlt
8951,pi1
8954,3d
8960,snap
8962,aerovac
8965,cc3d
8968,httpwwwactiverobotscomhightorquedcservomotor10rpmwithstepdirdrive
8970,ros
8973,targets
8975,altitude
8976,soft
8981,install
8987,laser
8988,kk
8990,motorb
8992,fraclambday
8994,herebut
8998,ltlt
9001,adjusted
9007,updown
9009,usb
9010,lens
9013,dofs
9020,target
9022,accelerometer
9023,inclination
9025,print
9027,gyroscope
9033,tshaped
9034,degrees
9038,environment
9039,tmotorvex393
9040,6mm
9043,joystick
9044,700
9048,forwards
9052,nodejs
9054,tilde
9057,tail
9063,screws
9069,convert
9073,house
9074,calculation
9077,ltlt
9082,balance
9090,firmwarewriting
9096,ieee
9097,marker
9099,space
9100,com
9103,telemetry
9105,accelerometer
9106,stacks
9111,pi
9114,arm
9115,make
9119,create2
9124,10mm
9129,eij
9130,vy
9132,frame
9135,arduinolike
9139,myrio
9143,homotopy
9144,car
9145,books
9152,dh
9155,file
9157,sensor
9159,odometry
9161,heading
9163,vex
9167,environment
9168,memory
9169,ltlt
9171,dataset
9174,identify
9175,servo
9180,entropy
9183,landmarks
9185,builds
9186,nonlinear
9187,flow
9194,quadrotor
9195,solidworks
9200,sector
9203,helicopter
9206,flashing
9210,state
9214,helicopter
9218,seven
9225,pdf
9226,wind
9227,flight
9228,configurations
9232,i2c
9233,step
9234,sync
9236,dongle
9239,velocity
9240,code
9241,matlab
9243,g11
9244,ros
9246,octave
9250,ltlt
9254,wait
9256,syringe
9260,ros
9262,ros
9263,space
9265,launch
9267,lasers
9269,colour
9274,path
9276,algorithms
9277,camera
9280,gamma
9282,banks
9290,powder
9294,wheelchair
9296,set
9297,q3
9298,servo
9301,direct
9302,posk
9303,sensor
9305,clean
9312,know
9313,descriptors
9318,landmarks
9320,quadrotor
9321,vector
9323,load
9324,pid
9327,landmark
9334,transmitter
9336,quaternion
9337,dstar
9341,stereo
9342,zigbee
9344,projection
9346,pick
9349,knee
9351,grain
9353,4x
9355,balloon
9365,underactuated
9367,torque
9370,heat
9371,00
9372,ceiling
9373,newmethod
9374,achievedim
9377,leddar
9380,102
9381,pidies
9382,consult
9383,shape
9384,particlechromosome
9386,amp
9388,parts
9391,odometer
9395,coordinates
9397,winds
9400,stents
9403,map
9405,tmotorvex393mc29
9409,drone
9413,rrt
9417,battery
9420,angular
9429,fleet
9434,edge
9435,python
9436,arm
9437,gain
9441,mac
9443,conversion
9445,arm
9447,rover
9454,brackets
9456,altitude
9459,door
9463,output
9472,complex
9476,rc
9482,50mm
9488,wing
9491,braava
9495,support
9500,downloading
9502,10mshow
9505,lasalles
9508,control
9512,mobility
9518,camera
9521,gvalue
9523,neural
9532,airplanes
9535,magnetic
9536,article
9538,equation
9542,aico
9544,create
9545,rovers
9547,ar
9552,topologybased
9553,entering
9554,errorpitch
9555,rate
9565,tilt
9568,cim
9569,matlabsimulink
9571,dynamixel
9572,transfer
9578,spec
9580,shape
9583,servo
9590,ros
9592,defining
9593,atv
9597,ttoolcam
9600,frame
9602,sgoal
9604,quad
9608,tmp
9609,representation
9615,nd
9616,3v
9619,qgoal
9620,amp
9621,ic
9622,transformation
9625,probability
9629,ltlt
9636,heading
9637,servo
9640,accelerationhas
9642,nonholonomic
9646,school
9647,propeller
9652,rpi
9654,payloadis
9657,cal
9659,force
9662,square
9668,lidars
9669,mm
9673,roomba
9675,atmega32
9677,wrist
9680,node
9682,frames
9683,mecanum
9684,packet
9686,object
9691,sphere
9696,vfh
9697,sphere
9700,ltlt
9701,axle
9702,zed
9704,tensor
9709,servo
9711,testbed
9716,defeat
9720,model
9724,bangbang
9727,arena
9728,line
9729,dom
9738,drift
9739,quad
9741,line
9751,vehicles
9752,install
9754,flight
9755,ltlt
9756,step
9770,obstacle
9772,ltlt
9776,dq
9783,rpnp
9786,error
9797,2308mm
9798,behave
9801,latencies
9802,antenna
9803,pcduino
9819,flip
9822,python
9825,angles
9826,momentum
9828,hot
9832,expensive
9839,reader
9840,usarsim
9842,voronoi
9845,path
9848,path
9850,systems
9851,slam
9852,certainty
9853,throw
9856,cosine
9863,vertex
9870,cable
9871,frame
9876,xt60
9882,q3
9890,create
9891,irobot
9892,fault
9893,matrix
9894,device
9895,future
9899,histogram
9904,gradient
9916,pose
9918,motor
9923,command
9925,ltlt
9926,xi
9927,sigmaij
9932,ethercat
9935,guide
9936,decomposition
9937,50mms
9941,hoursthe
9946,pid
9947,computer
9951,elastic
9953,amp
9954,force
9955,compare
9956,github
9962,dot
9963,robot
9965,manufactured
9967,qact
9969,earths
9971,create
9972,displays
9978,rated
9985,depth
9986,wheels
9987,x86
9988,velocity
9994,braking
10002,xz
10003,wheel
10004,ceres
10006,ros
10007,dot
10011,cart
10014,usually
10018,odometry
10019,pretty
10023,physics
10026,logs
10029,damping
10033,cc3d
10034,trajectory
10035,odometry
10040,axis
10045,imu
10048,pendulum
10049,gmapping
10050,course
10052,position
10053,map
10056,motors
10059,ways
10060,motors
10063,delta
10070,height
10072,pump
10076,update
10077,pricing
10087,task
10088,signals
10089,handle
10092,onboard
10096,volt
10098,map
10099,hubsan
10101,column
10103,csi2
10106,opcode
10110,accelerometer
10115,odometry
10117,tethered
10118,mismatch
10119,object
10125,really
10127,position
10129,messages
10130,target
10132,plug
10136,255
10148,new
10150,points
10153,messages
10154,currenttime
10159,digitalwritebaudpin
10167,functions
10169,development
10172,pingtime
10178,microcontroller
10187,velocity
10190,propel
10192,rollover
10193,rc
10195,directions
10196,double
10200,digitalwritebaudpin
10202,official
10210,pidoutputpitch
10213,calibration
10215,midi
10220,beer
10221,filter
10224,landmark
10227,advanced
10229,ordering
10233,accelerometer
10237,motor
10239,bounce
10241,atmega8
10247,chuck1
10248,compass
10249,velocity
10252,obstacle
10253,steering
10256,torquedue
10259,attempts
10265,minimise
10267,shortest
10272,shutter
10277,standoffs
10284,shaft
10285,ic
10286,couch
10294,lidars
10295,boostsharedptrltconst
10296,baselinkno
10297,pin
10301,bacholar
10312,camera
10314,acmd
10322,corkes
10324,human
10325,size
10326,irobot
10330,localising
10334,millimeters
10335,dataset
10348,tempx
10350,curves
10357,retuning
10367,battery
10369,iphone
10371,room
10377,guideline
10378,mpu9150
10379,batteries
10382,cdot
10383,fault
10387,drone
10388,ode
10392,surfacein
10394,wheels
10404,particles
10407,unsampled
10408,json
10415,tables
10416,collaborative
10425,ir
10426,rx
10427,position
10429,reconstruction
10436,abouthttpwikirosorgrosberrypisetting20up20ros20on20raspberrypi
10438,irobot
10443,expensive
10445,appearshow
10447,etcaptsourceslistdroslatestlist
10450,cdot
10454,physics
10455,shaftcoupling
10461,divider
10462,carriage
10463,0000
10467,elif
10468,alpha
10469,yaw
10471,andknowrob
10472,173
10474,cdot
10479,vehicle
10484,mass
10486,qdebugltlt
10487,cyclemy
10490,bench
10491,zeno
10492,smoothly
10502,option
10503,cycle
10504,yaw
10505,covariance
10507,scale
10508,build
10511,studied
10514,scale
10515,devicereference
10516,package
10517,rotating
10519,reviews
10520,features
10521,tracks
10523,lidar
10525,magnetic
10527,design
10533,legs
10536,difference
10537,clouds
10544,mount
10546,placeslike
10547,audio
10549,bank
10554,wire
10555,gimbal
10556,encoder
10561,axsis
10562,bicycle
10567,rl
10568,particular
10573,pov
10580,raspberry
10581,ekf
10584,setting
